{"src\/game\/role\/role_controller.luac":{"file":"role_controller.luac","size":59793,"ver":1},"src\/config\/looks_data.luac":{"file":"looks_data.luac","size":53893,"ver":10},"src\/config\/holiday_valentine_boss_data.luac":{"file":"holiday_valentine_boss_data.luac","size":9181,"ver":40},"res\/resource\/functionicon\/icon_3.png":{"file":"icon_3.png","size":38509,"ver":3},"src\/config\/function_data.luac":{"file":"function_data.luac","size":57333,"ver":35},"src\/game\/login\/view\/login_window.luac":{"file":"login_window.luac","size":9717,"ver":5},"src\/game\/friend\/view\/friend_list_item.luac":{"file":"friend_list_item.luac","size":15701,"ver":15},"src\/config\/misc_data.luac":{"file":"misc_data.luac","size":16585,"ver":30},"src\/main.luac":{"file":"main.luac","size":3553,"ver":3},"src\/game\/mainui\/mainui_controller.luac":{"file":"mainui_controller.luac","size":62961,"ver":15},"src\/game\/action\/view\/action_white_day_panel.luac":{"file":"action_white_day_panel.luac","size":16197,"ver":1},"src\/game\/story\/story_controller.luac":{"file":"story_controller.luac","size":2277,"ver":3},"res\/resource\/headBagIcon\/baghead_2117.png":{"file":"baghead_2117.png","size":15521,"ver":23},"src\/config\/adventure_data.luac":{"file":"adventure_data.luac","size":891013,"ver":3},"src\/config_init.luac":{"file":"config_init.luac","size":805,"ver":3},"src\/game\/action\/view\/action_main_window.luac":{"file":"action_main_window.luac","size":10653,"ver":1},"res\/resource\/centerscene\/centercity\/2\/3.png":{"file":"3.png","size":2471097,"ver":3},"res\/resource\/centerscene\/centercity\/1\/2.png":{"file":"2.png","size":3587313,"ver":3},"src\/game\/login\/login_controller.luac":{"file":"login_controller.luac","size":33297,"ver":6},"src\/game\/elitesummon\/elitesummon_controller.luac":{"file":"elitesummon_controller.luac","size":5749,"ver":1},"res\/resource\/centerscene\/centercity\/1\/1.png":{"file":"1.png","size":2594537,"ver":3},"src\/inspect.luac":{"file":"inspect.luac","size":10097,"ver":1},"src\/game\/hero\/view\/hero_reset_panel.luac":{"file":"hero_reset_panel.luac","size":21781,"ver":8},"res\/resource\/centerscene\/centercity\/2\/2.png":{"file":"2.png","size":3573913,"ver":3},"res\/resource\/functionicon\/icon_4.png":{"file":"icon_4.png","size":37749,"ver":3},"src\/sdk_function.luac":{"file":"sdk_function.luac","size":47125,"ver":15},"src\/base\/basecontroller.luac":{"file":"basecontroller.luac","size":1561,"ver":15},"res\/spine\/chunjiesanguo\/chunjiesanguo.skel":{"file":"chunjiesanguo.skel","size":45187,"ver":5},"res\/resource\/login\/login_bg03.png":{"file":"login_bg03.png","size":1204653,"ver":5},"src\/config\/holiday_activity_order_data.luac":{"file":"holiday_activity_order_data.luac","size":21225,"ver":29},"res\/resource\/centerscene\/centercity\/2\/1.png":{"file":"1.png","size":2565217,"ver":3},"src\/config\/gift_data.luac":{"file":"gift_data.luac","size":196153,"ver":31},"src\/config\/combat_halo_data.luac":{"file":"combat_halo_data.luac","size":18345,"ver":17},"src\/config\/item_data3.luac":{"file":"item_data3.luac","size":212729,"ver":20},"src\/sys\/net\/gamenet.luac":{"file":"gamenet.luac","size":13933,"ver":1},"res\/resource\/centerscene\/centercity\/1\/3.png":{"file":"3.png","size":2274413,"ver":3},"res\/resource\/centerscene\/centercity\/1\/2.jpg":{"file":"2.jpg","size":662853,"ver":3},"res\/resource\/headBagIcon\/baghead_2115.png":{"file":"baghead_2115.png","size":56621,"ver":23},"src\/config\/month_fund_data.luac":{"file":"month_fund_data.luac","size":8221,"ver":6},"res\/spine\/chunjiesanguo\/chunjiesanguo.atlas":{"file":"chunjiesanguo.atlas","size":2657,"ver":5},"src\/game\/voyage\/voyage_controller.luac":{"file":"voyage_controller.luac","size":7445,"ver":6},"src\/config\/holiday_upstars_data.luac":{"file":"holiday_upstars_data.luac","size":3061,"ver":6},"src\/util\/pathtool.luac":{"file":"pathtool.luac","size":33117,"ver":5},"res\/resource\/bigbg\/action\/txt_cn_hero_skin_buy312.png":{"file":"txt_cn_hero_skin_buy312.png","size":211581,"ver":23},"src\/config\/partner_skin_data.luac":{"file":"partner_skin_data.luac","size":40341,"ver":23},"res\/spine\/chunjiesanguo\/chunjiesanguo.png":{"file":"chunjiesanguo.png","size":3766329,"ver":5},"res\/resource\/welfare\/action_icon\/welfare_icon_330.png":{"file":"welfare_icon_330.png","size":23013,"ver":34},"res\/resource\/bigbg\/action\/txt_cn_hero_skin_buy28.png":{"file":"txt_cn_hero_skin_buy28.png","size":859349,"ver":39},"src\/config\/holiday_exchange_data.luac":{"file":"holiday_exchange_data.luac","size":5317,"ver":27},"src\/config\/item_data6.luac":{"file":"item_data6.luac","size":85149,"ver":13},"res\/resource\/mainui\/mainui.plist":{"file":"mainui.plist","size":40633,"ver":3},"src\/game\/role\/view\/role_system_set_panel.luac":{"file":"role_system_set_panel.luac","size":13209,"ver":6},"src\/config\/recruit_holiday_lucky_data.luac":{"file":"recruit_holiday_lucky_data.luac","size":33597,"ver":40},"res\/resource\/headBagIcon\/baghead_2119.png":{"file":"baghead_2119.png","size":16849,"ver":23},"src\/game\/action\/view\/action_hero_convert_panel.luac":{"file":"action_hero_convert_panel.luac","size":30597,"ver":15},"res\/resource\/functionicon\/icon_2.png":{"file":"icon_2.png","size":37817,"ver":3},"src\/game\/battle_drama\/battle_drama_model.luac":{"file":"battle_drama_model.luac","size":24981,"ver":15},"res\/resource\/centerscene\/centercity\/2\/2.jpg":{"file":"2.jpg","size":662897,"ver":3},"src\/config\/charge_data.luac":{"file":"charge_data.luac","size":111525,"ver":40},"src\/game\/mainui\/icon\/function_icon.luac":{"file":"function_icon.luac","size":16133,"ver":6},"res\/resource\/bigbg\/action\/txt_cn_hero_skin_buy313.png":{"file":"txt_cn_hero_skin_buy313.png","size":921557,"ver":39},"src\/game\/mainui\/view\/main_ui_view.luac":{"file":"main_ui_view.luac","size":109001,"ver":11},"res\/resource\/functionicon\/icon_1.png":{"file":"icon_1.png","size":38433,"ver":3},"src\/config\/partner_holy_eqm_data.luac":{"file":"partner_holy_eqm_data.luac","size":613441,"ver":24},"src\/game\/mainui\/icon\/function_icon_vo.luac":{"file":"function_icon_vo.luac","size":5893,"ver":15},"src\/game\/action\/action_controller.luac":{"file":"action_controller.luac","size":107097,"ver":15},"src\/game\/battle_drama\/battle_drama_controller.luac":{"file":"battle_drama_controller.luac","size":27685,"ver":15},"res\/resource\/welfare\/action_icon\/welfare_icon_342.png":{"file":"welfare_icon_342.png","size":7537,"ver":23},"res\/resource\/mainui\/mainui.png":{"file":"mainui.png","size":947713,"ver":3},"src\/config\/exchange_data.luac":{"file":"exchange_data.luac","size":225193,"ver":12},"res\/resource\/functionicon\/icon_5.png":{"file":"icon_5.png","size":38941,"ver":3}}