{"src\/game\/voyage\/voyage_controller.luac":{"file":"voyage_controller.luac","ver":6,"size":7445},"src\/config_init.luac":{"file":"config_init.luac","ver":3,"size":805},"src\/config\/recruit_holiday_lucky_data.luac":{"file":"recruit_holiday_lucky_data.luac","ver":28,"size":33597},"src\/game\/action\/view\/action_main_window.luac":{"file":"action_main_window.luac","ver":1,"size":10653},"res\/resource\/headBagIcon\/baghead_2117.png":{"file":"baghead_2117.png","ver":23,"size":15521},"res\/spine\/chunjiesanguo\/chunjiesanguo.skel":{"file":"chunjiesanguo.skel","ver":5,"size":45187},"res\/resource\/headBagIcon\/baghead_2115.png":{"file":"baghead_2115.png","ver":23,"size":56621},"src\/config\/function_data.luac":{"file":"function_data.luac","ver":12,"size":57333},"res\/resource\/functionicon\/icon_1.png":{"file":"icon_1.png","ver":3,"size":38433},"src\/config\/partner_skin_data.luac":{"file":"partner_skin_data.luac","ver":23,"size":40341},"src\/config\/holiday_valentine_boss_data.luac":{"file":"holiday_valentine_boss_data.luac","ver":28,"size":9181},"src\/game\/action\/view\/action_white_day_panel.luac":{"file":"action_white_day_panel.luac","ver":1,"size":16197},"src\/game\/mainui\/view\/main_ui_view.luac":{"file":"main_ui_view.luac","ver":11,"size":109001},"src\/game\/login\/view\/login_window.luac":{"file":"login_window.luac","ver":5,"size":9717},"src\/game\/action\/action_controller.luac":{"file":"action_controller.luac","ver":15,"size":107097},"res\/resource\/centerscene\/centercity\/2\/2.png":{"file":"2.png","ver":3,"size":3573913},"res\/resource\/bigbg\/action\/txt_cn_hero_skin_buy312.png":{"file":"txt_cn_hero_skin_buy312.png","ver":23,"size":211581},"src\/config\/month_fund_data.luac":{"file":"month_fund_data.luac","ver":6,"size":8221},"src\/main.luac":{"file":"main.luac","ver":3,"size":3553},"src\/sdk_function.luac":{"file":"sdk_function.luac","ver":15,"size":47125},"src\/config\/holiday_activity_order_data.luac":{"file":"holiday_activity_order_data.luac","ver":29,"size":21225},"src\/config\/item_data3.luac":{"file":"item_data3.luac","ver":20,"size":212729},"res\/resource\/functionicon\/icon_3.png":{"file":"icon_3.png","ver":3,"size":38509},"src\/game\/elitesummon\/elitesummon_controller.luac":{"file":"elitesummon_controller.luac","ver":1,"size":5749},"src\/config\/item_data6.luac":{"file":"item_data6.luac","ver":13,"size":85149},"res\/resource\/centerscene\/centercity\/1\/2.jpg":{"file":"2.jpg","ver":3,"size":662853},"res\/resource\/centerscene\/centercity\/1\/1.png":{"file":"1.png","ver":3,"size":2594537},"res\/resource\/centerscene\/centercity\/1\/3.png":{"file":"3.png","ver":3,"size":2274413},"src\/game\/mainui\/icon\/function_icon_vo.luac":{"file":"function_icon_vo.luac","ver":15,"size":5893},"src\/config\/partner_holy_eqm_data.luac":{"file":"partner_holy_eqm_data.luac","ver":24,"size":613441},"res\/spine\/chunjiesanguo\/chunjiesanguo.atlas":{"file":"chunjiesanguo.atlas","ver":5,"size":2657},"src\/game\/login\/login_controller.luac":{"file":"login_controller.luac","ver":6,"size":33297},"res\/spine\/chunjiesanguo\/chunjiesanguo.png":{"file":"chunjiesanguo.png","ver":5,"size":3766329},"src\/config\/looks_data.luac":{"file":"looks_data.luac","ver":10,"size":53893},"res\/resource\/login\/login_bg03.png":{"file":"login_bg03.png","ver":5,"size":1204653},"res\/resource\/centerscene\/centercity\/1\/2.png":{"file":"2.png","ver":3,"size":3587313},"src\/game\/battle_drama\/battle_drama_model.luac":{"file":"battle_drama_model.luac","ver":15,"size":24981},"src\/game\/friend\/view\/friend_list_item.luac":{"file":"friend_list_item.luac","ver":15,"size":15701},"src\/game\/role\/role_controller.luac":{"file":"role_controller.luac","ver":1,"size":59793},"src\/config\/charge_data.luac":{"file":"charge_data.luac","ver":30,"size":109337},"src\/game\/role\/view\/role_system_set_panel.luac":{"file":"role_system_set_panel.luac","ver":6,"size":13209},"src\/config\/exchange_data.luac":{"file":"exchange_data.luac","ver":12,"size":225193},"src\/game\/battle_drama\/battle_drama_controller.luac":{"file":"battle_drama_controller.luac","ver":15,"size":27685},"res\/resource\/centerscene\/centercity\/2\/2.jpg":{"file":"2.jpg","ver":3,"size":662897},"src\/game\/story\/story_controller.luac":{"file":"story_controller.luac","ver":3,"size":2277},"res\/resource\/welfare\/action_icon\/welfare_icon_342.png":{"file":"welfare_icon_342.png","ver":23,"size":7537},"src\/game\/mainui\/icon\/function_icon.luac":{"file":"function_icon.luac","ver":6,"size":16133},"res\/resource\/headBagIcon\/baghead_2119.png":{"file":"baghead_2119.png","ver":23,"size":16849},"src\/sys\/net\/gamenet.luac":{"file":"gamenet.luac","ver":1,"size":13933},"src\/base\/basecontroller.luac":{"file":"basecontroller.luac","ver":15,"size":1561},"src\/util\/pathtool.luac":{"file":"pathtool.luac","ver":5,"size":33117},"src\/config\/gift_data.luac":{"file":"gift_data.luac","ver":20,"size":196269},"res\/resource\/mainui\/mainui.plist":{"file":"mainui.plist","ver":3,"size":40633},"src\/config\/holiday_upstars_data.luac":{"file":"holiday_upstars_data.luac","ver":6,"size":3061},"src\/config\/holiday_exchange_data.luac":{"file":"holiday_exchange_data.luac","ver":27,"size":5317},"src\/config\/adventure_data.luac":{"file":"adventure_data.luac","ver":3,"size":891013},"res\/resource\/centerscene\/centercity\/2\/1.png":{"file":"1.png","ver":3,"size":2565217},"src\/config\/misc_data.luac":{"file":"misc_data.luac","ver":30,"size":16585},"src\/inspect.luac":{"file":"inspect.luac","ver":1,"size":10097},"res\/resource\/mainui\/mainui.png":{"file":"mainui.png","ver":3,"size":947713},"res\/resource\/functionicon\/icon_5.png":{"file":"icon_5.png","ver":3,"size":38941},"res\/resource\/functionicon\/icon_2.png":{"file":"icon_2.png","ver":3,"size":37817},"src\/game\/mainui\/mainui_controller.luac":{"file":"mainui_controller.luac","ver":15,"size":62961},"res\/resource\/functionicon\/icon_4.png":{"file":"icon_4.png","ver":3,"size":37749},"src\/game\/hero\/view\/hero_reset_panel.luac":{"file":"hero_reset_panel.luac","ver":8,"size":21781},"res\/resource\/centerscene\/centercity\/2\/3.png":{"file":"3.png","ver":3,"size":2471097},"src\/game\/action\/view\/action_hero_convert_panel.luac":{"file":"action_hero_convert_panel.luac","ver":15,"size":30597},"src\/config\/combat_halo_data.luac":{"file":"combat_halo_data.luac","ver":17,"size":18345}}