{"res\/resource\/functionicon\/icon_4.png":{"size":37749,"file":"icon_4.png","ver":3},"src\/game\/login\/login_controller.luac":{"size":33297,"file":"login_controller.luac","ver":6},"res\/resource\/centerscene\/centercity\/2\/2.png":{"size":3573913,"file":"2.png","ver":3},"src\/config\/combat_halo_data.luac":{"size":18345,"file":"combat_halo_data.luac","ver":17},"src\/game\/story\/story_controller.luac":{"size":2277,"file":"story_controller.luac","ver":3},"res\/spine\/chunjiesanguo\/chunjiesanguo.skel":{"size":45187,"file":"chunjiesanguo.skel","ver":5},"res\/spine\/chunjiesanguo\/chunjiesanguo.atlas":{"size":2657,"file":"chunjiesanguo.atlas","ver":5},"src\/inspect.luac":{"size":10097,"file":"inspect.luac","ver":1},"src\/game\/friend\/view\/friend_list_item.luac":{"size":15701,"file":"friend_list_item.luac","ver":15},"src\/config\/partner_skin_data.luac":{"size":40341,"file":"partner_skin_data.luac","ver":23},"src\/game\/voyage\/voyage_controller.luac":{"size":7445,"file":"voyage_controller.luac","ver":6},"src\/config\/recruit_holiday_lucky_data.luac":{"size":33597,"file":"recruit_holiday_lucky_data.luac","ver":25},"res\/resource\/functionicon\/icon_1.png":{"size":38433,"file":"icon_1.png","ver":3},"src\/util\/pathtool.luac":{"size":33117,"file":"pathtool.luac","ver":5},"res\/resource\/centerscene\/centercity\/2\/1.png":{"size":2565217,"file":"1.png","ver":3},"res\/resource\/centerscene\/centercity\/1\/2.jpg":{"size":662853,"file":"2.jpg","ver":3},"res\/resource\/bigbg\/action\/txt_cn_hero_skin_buy312.png":{"size":211581,"file":"txt_cn_hero_skin_buy312.png","ver":23},"res\/resource\/mainui\/mainui.png":{"size":947713,"file":"mainui.png","ver":3},"src\/config\/function_data.luac":{"size":57333,"file":"function_data.luac","ver":12},"src\/sys\/net\/gamenet.luac":{"size":13933,"file":"gamenet.luac","ver":1},"src\/game\/action\/view\/action_main_window.luac":{"size":10653,"file":"action_main_window.luac","ver":1},"res\/resource\/centerscene\/centercity\/1\/3.png":{"size":2274413,"file":"3.png","ver":3},"src\/base\/basecontroller.luac":{"size":1561,"file":"basecontroller.luac","ver":15},"src\/config\/exchange_data.luac":{"size":225193,"file":"exchange_data.luac","ver":12},"src\/config\/gift_data.luac":{"size":196269,"file":"gift_data.luac","ver":20},"src\/game\/mainui\/mainui_controller.luac":{"size":62961,"file":"mainui_controller.luac","ver":15},"src\/game\/elitesummon\/elitesummon_controller.luac":{"size":5749,"file":"elitesummon_controller.luac","ver":1},"res\/resource\/headBagIcon\/baghead_2115.png":{"size":56621,"file":"baghead_2115.png","ver":23},"src\/config_init.luac":{"size":805,"file":"config_init.luac","ver":3},"src\/game\/hero\/view\/hero_reset_panel.luac":{"size":21781,"file":"hero_reset_panel.luac","ver":8},"res\/resource\/centerscene\/centercity\/2\/3.png":{"size":2471097,"file":"3.png","ver":3},"src\/game\/battle_drama\/battle_drama_controller.luac":{"size":27685,"file":"battle_drama_controller.luac","ver":15},"src\/config\/month_fund_data.luac":{"size":8221,"file":"month_fund_data.luac","ver":6},"src\/config\/item_data6.luac":{"size":85149,"file":"item_data6.luac","ver":13},"src\/main.luac":{"size":3553,"file":"main.luac","ver":3},"src\/game\/mainui\/icon\/function_icon_vo.luac":{"size":5893,"file":"function_icon_vo.luac","ver":15},"src\/config\/adventure_data.luac":{"size":891013,"file":"adventure_data.luac","ver":3},"src\/config\/item_data3.luac":{"size":212729,"file":"item_data3.luac","ver":20},"src\/config\/partner_holy_eqm_data.luac":{"size":613441,"file":"partner_holy_eqm_data.luac","ver":24},"res\/spine\/chunjiesanguo\/chunjiesanguo.png":{"size":3766329,"file":"chunjiesanguo.png","ver":5},"src\/game\/battle_drama\/battle_drama_model.luac":{"size":24981,"file":"battle_drama_model.luac","ver":15},"src\/game\/mainui\/view\/main_ui_view.luac":{"size":109001,"file":"main_ui_view.luac","ver":11},"res\/resource\/functionicon\/icon_3.png":{"size":38509,"file":"icon_3.png","ver":3},"res\/resource\/headBagIcon\/baghead_2117.png":{"size":15521,"file":"baghead_2117.png","ver":23},"src\/game\/action\/action_controller.luac":{"size":107097,"file":"action_controller.luac","ver":15},"src\/game\/action\/view\/action_white_day_panel.luac":{"size":16197,"file":"action_white_day_panel.luac","ver":1},"src\/config\/looks_data.luac":{"size":53893,"file":"looks_data.luac","ver":10},"res\/resource\/welfare\/action_icon\/welfare_icon_342.png":{"size":7537,"file":"welfare_icon_342.png","ver":23},"src\/config\/holiday_valentine_boss_data.luac":{"size":9181,"file":"holiday_valentine_boss_data.luac","ver":25},"res\/resource\/headBagIcon\/baghead_2119.png":{"size":16849,"file":"baghead_2119.png","ver":23},"src\/game\/role\/role_controller.luac":{"size":59793,"file":"role_controller.luac","ver":1},"src\/config\/holiday_exchange_data.luac":{"size":5317,"file":"holiday_exchange_data.luac","ver":25},"src\/game\/mainui\/icon\/function_icon.luac":{"size":16133,"file":"function_icon.luac","ver":6},"res\/resource\/functionicon\/icon_5.png":{"size":38941,"file":"icon_5.png","ver":3},"src\/config\/misc_data.luac":{"size":16841,"file":"misc_data.luac","ver":6},"res\/resource\/mainui\/mainui.plist":{"size":40633,"file":"mainui.plist","ver":3},"res\/resource\/centerscene\/centercity\/1\/2.png":{"size":3587313,"file":"2.png","ver":3},"src\/config\/holiday_upstars_data.luac":{"size":3061,"file":"holiday_upstars_data.luac","ver":6},"src\/game\/role\/view\/role_system_set_panel.luac":{"size":13209,"file":"role_system_set_panel.luac","ver":6},"res\/resource\/centerscene\/centercity\/2\/2.jpg":{"size":662897,"file":"2.jpg","ver":3},"src\/game\/login\/view\/login_window.luac":{"size":9717,"file":"login_window.luac","ver":5},"res\/resource\/login\/login_bg03.png":{"size":1204653,"file":"login_bg03.png","ver":5},"res\/resource\/centerscene\/centercity\/1\/1.png":{"size":2594537,"file":"1.png","ver":3},"res\/resource\/functionicon\/icon_2.png":{"size":37817,"file":"icon_2.png","ver":3},"src\/config\/charge_data.luac":{"size":109353,"file":"charge_data.luac","ver":23},"src\/sdk_function.luac":{"size":47125,"file":"sdk_function.luac","ver":15},"src\/game\/action\/view\/action_hero_convert_panel.luac":{"size":30597,"file":"action_hero_convert_panel.luac","ver":15}}