{"src\/config\/holiday_exchange_data.luac":{"ver":27,"file":"holiday_exchange_data.luac","size":5317},"src\/game\/action\/view\/action_main_window.luac":{"ver":1,"file":"action_main_window.luac","size":10653},"src\/game\/action\/view\/action_hero_convert_panel.luac":{"ver":15,"file":"action_hero_convert_panel.luac","size":30597},"src\/sdk_function.luac":{"ver":15,"file":"sdk_function.luac","size":47125},"src\/config\/item_data3.luac":{"ver":20,"file":"item_data3.luac","size":212729},"res\/resource\/headBagIcon\/baghead_2115.png":{"ver":23,"file":"baghead_2115.png","size":56621},"res\/resource\/centerscene\/centercity\/2\/3.png":{"ver":3,"file":"3.png","size":2471097},"src\/config\/month_fund_data.luac":{"ver":6,"file":"month_fund_data.luac","size":8221},"res\/resource\/bigbg\/action\/txt_cn_hero_skin_buy313.png":{"ver":39,"file":"txt_cn_hero_skin_buy313.png","size":921557},"src\/main.luac":{"ver":3,"file":"main.luac","size":3553},"res\/resource\/centerscene\/centercity\/1\/2.png":{"ver":3,"file":"2.png","size":3587313},"src\/inspect.luac":{"ver":1,"file":"inspect.luac","size":10097},"res\/resource\/functionicon\/icon_4.png":{"ver":3,"file":"icon_4.png","size":37749},"src\/config\/function_data.luac":{"ver":35,"file":"function_data.luac","size":57333},"src\/game\/friend\/view\/friend_list_item.luac":{"ver":15,"file":"friend_list_item.luac","size":15701},"src\/game\/role\/role_controller.luac":{"ver":1,"file":"role_controller.luac","size":59793},"res\/resource\/mainui\/mainui.plist":{"ver":3,"file":"mainui.plist","size":40633},"src\/config\/recruit_holiday_lucky_data.luac":{"ver":37,"file":"recruit_holiday_lucky_data.luac","size":33597},"res\/resource\/bigbg\/action\/txt_cn_hero_skin_buy312.png":{"ver":23,"file":"txt_cn_hero_skin_buy312.png","size":211581},"src\/config\/partner_skin_data.luac":{"ver":23,"file":"partner_skin_data.luac","size":40341},"src\/config\/gift_data.luac":{"ver":31,"file":"gift_data.luac","size":196153},"res\/spine\/chunjiesanguo\/chunjiesanguo.png":{"ver":5,"file":"chunjiesanguo.png","size":3766329},"src\/game\/role\/view\/role_system_set_panel.luac":{"ver":6,"file":"role_system_set_panel.luac","size":13209},"res\/resource\/bigbg\/action\/txt_cn_hero_skin_buy28.png":{"ver":39,"file":"txt_cn_hero_skin_buy28.png","size":859349},"res\/resource\/centerscene\/centercity\/1\/3.png":{"ver":3,"file":"3.png","size":2274413},"src\/config\/charge_data.luac":{"ver":38,"file":"charge_data.luac","size":109513},"res\/resource\/welfare\/action_icon\/welfare_icon_330.png":{"ver":34,"file":"welfare_icon_330.png","size":23013},"src\/game\/voyage\/voyage_controller.luac":{"ver":6,"file":"voyage_controller.luac","size":7445},"src\/game\/elitesummon\/elitesummon_controller.luac":{"ver":1,"file":"elitesummon_controller.luac","size":5749},"src\/game\/login\/view\/login_window.luac":{"ver":5,"file":"login_window.luac","size":9717},"src\/base\/basecontroller.luac":{"ver":15,"file":"basecontroller.luac","size":1561},"res\/resource\/headBagIcon\/baghead_2117.png":{"ver":23,"file":"baghead_2117.png","size":15521},"src\/config\/item_data6.luac":{"ver":13,"file":"item_data6.luac","size":85149},"src\/config_init.luac":{"ver":3,"file":"config_init.luac","size":805},"res\/resource\/functionicon\/icon_3.png":{"ver":3,"file":"icon_3.png","size":38509},"res\/resource\/headBagIcon\/baghead_2119.png":{"ver":23,"file":"baghead_2119.png","size":16849},"src\/game\/action\/action_controller.luac":{"ver":15,"file":"action_controller.luac","size":107097},"src\/game\/battle_drama\/battle_drama_model.luac":{"ver":15,"file":"battle_drama_model.luac","size":24981},"src\/sys\/net\/gamenet.luac":{"ver":1,"file":"gamenet.luac","size":13933},"src\/game\/mainui\/mainui_controller.luac":{"ver":15,"file":"mainui_controller.luac","size":62961},"res\/resource\/centerscene\/centercity\/2\/1.png":{"ver":3,"file":"1.png","size":2565217},"res\/resource\/centerscene\/centercity\/1\/2.jpg":{"ver":3,"file":"2.jpg","size":662853},"res\/resource\/centerscene\/centercity\/2\/2.jpg":{"ver":3,"file":"2.jpg","size":662897},"res\/resource\/functionicon\/icon_2.png":{"ver":3,"file":"icon_2.png","size":37817},"src\/config\/looks_data.luac":{"ver":10,"file":"looks_data.luac","size":53893},"res\/resource\/functionicon\/icon_5.png":{"ver":3,"file":"icon_5.png","size":38941},"src\/game\/mainui\/icon\/function_icon.luac":{"ver":6,"file":"function_icon.luac","size":16133},"src\/game\/story\/story_controller.luac":{"ver":3,"file":"story_controller.luac","size":2277},"src\/config\/holiday_valentine_boss_data.luac":{"ver":37,"file":"holiday_valentine_boss_data.luac","size":9181},"src\/util\/pathtool.luac":{"ver":5,"file":"pathtool.luac","size":33117},"res\/resource\/functionicon\/icon_1.png":{"ver":3,"file":"icon_1.png","size":38433},"src\/config\/partner_holy_eqm_data.luac":{"ver":24,"file":"partner_holy_eqm_data.luac","size":613441},"src\/config\/combat_halo_data.luac":{"ver":17,"file":"combat_halo_data.luac","size":18345},"res\/resource\/mainui\/mainui.png":{"ver":3,"file":"mainui.png","size":947713},"src\/game\/mainui\/icon\/function_icon_vo.luac":{"ver":15,"file":"function_icon_vo.luac","size":5893},"src\/game\/action\/view\/action_white_day_panel.luac":{"ver":1,"file":"action_white_day_panel.luac","size":16197},"src\/game\/mainui\/view\/main_ui_view.luac":{"ver":11,"file":"main_ui_view.luac","size":109001},"src\/game\/battle_drama\/battle_drama_controller.luac":{"ver":15,"file":"battle_drama_controller.luac","size":27685},"res\/resource\/centerscene\/centercity\/2\/2.png":{"ver":3,"file":"2.png","size":3573913},"res\/resource\/login\/login_bg03.png":{"ver":5,"file":"login_bg03.png","size":1204653},"res\/resource\/welfare\/action_icon\/welfare_icon_342.png":{"ver":23,"file":"welfare_icon_342.png","size":7537},"src\/config\/holiday_upstars_data.luac":{"ver":6,"file":"holiday_upstars_data.luac","size":3061},"src\/config\/exchange_data.luac":{"ver":12,"file":"exchange_data.luac","size":225193},"src\/game\/login\/login_controller.luac":{"ver":6,"file":"login_controller.luac","size":33297},"src\/config\/holiday_activity_order_data.luac":{"ver":29,"file":"holiday_activity_order_data.luac","size":21225},"src\/game\/hero\/view\/hero_reset_panel.luac":{"ver":8,"file":"hero_reset_panel.luac","size":21781},"src\/config\/adventure_data.luac":{"ver":3,"file":"adventure_data.luac","size":891013},"res\/spine\/chunjiesanguo\/chunjiesanguo.atlas":{"ver":5,"file":"chunjiesanguo.atlas","size":2657},"src\/config\/misc_data.luac":{"ver":30,"file":"misc_data.luac","size":16585},"res\/resource\/centerscene\/centercity\/1\/1.png":{"ver":3,"file":"1.png","size":2594537},"res\/spine\/chunjiesanguo\/chunjiesanguo.skel":{"ver":5,"file":"chunjiesanguo.skel","size":45187}}