{"src\/config\/misc_data.luac":{"ver":30,"size":16585,"file":"misc_data.luac"},"src\/config\/recruit_holiday_lucky_data.luac":{"ver":40,"size":33597,"file":"recruit_holiday_lucky_data.luac"},"res\/resource\/functionicon\/icon_3.png":{"ver":3,"size":38509,"file":"icon_3.png"},"src\/sdk_function.luac":{"ver":15,"size":47125,"file":"sdk_function.luac"},"src\/game\/action\/view\/action_hero_convert_panel.luac":{"ver":15,"size":30597,"file":"action_hero_convert_panel.luac"},"src\/game\/action\/action_controller.luac":{"ver":15,"size":107097,"file":"action_controller.luac"},"res\/resource\/login\/login_bg03.png":{"ver":5,"size":1204653,"file":"login_bg03.png"},"res\/resource\/centerscene\/centercity\/1\/1.png":{"ver":3,"size":2594537,"file":"1.png"},"res\/resource\/centerscene\/centercity\/2\/2.png":{"ver":3,"size":3573913,"file":"2.png"},"src\/config_init.luac":{"ver":3,"size":805,"file":"config_init.luac"},"res\/resource\/headBagIcon\/baghead_2117.png":{"ver":23,"size":15521,"file":"baghead_2117.png"},"res\/resource\/centerscene\/centercity\/2\/2.jpg":{"ver":3,"size":662897,"file":"2.jpg"},"src\/sys\/net\/gamenet.luac":{"ver":1,"size":13933,"file":"gamenet.luac"},"src\/config\/looks_data.luac":{"ver":10,"size":53893,"file":"looks_data.luac"},"src\/game\/role\/role_controller.luac":{"ver":1,"size":59793,"file":"role_controller.luac"},"res\/resource\/bigbg\/action\/txt_cn_hero_skin_buy313.png":{"ver":39,"size":921557,"file":"txt_cn_hero_skin_buy313.png"},"res\/resource\/centerscene\/centercity\/2\/3.png":{"ver":3,"size":2471097,"file":"3.png"},"src\/base\/basecontroller.luac":{"ver":15,"size":1561,"file":"basecontroller.luac"},"res\/resource\/functionicon\/icon_2.png":{"ver":3,"size":37817,"file":"icon_2.png"},"res\/resource\/mainui\/mainui.png":{"ver":3,"size":947713,"file":"mainui.png"},"res\/resource\/welfare\/action_icon\/welfare_icon_342.png":{"ver":23,"size":7537,"file":"welfare_icon_342.png"},"src\/game\/action\/view\/action_main_window.luac":{"ver":1,"size":10653,"file":"action_main_window.luac"},"src\/config\/partner_holy_eqm_data.luac":{"ver":24,"size":613441,"file":"partner_holy_eqm_data.luac"},"src\/game\/login\/login_controller.luac":{"ver":6,"size":33297,"file":"login_controller.luac"},"src\/config\/item_data3.luac":{"ver":20,"size":212729,"file":"item_data3.luac"},"src\/game\/mainui\/view\/main_ui_view.luac":{"ver":11,"size":109001,"file":"main_ui_view.luac"},"src\/game\/login\/view\/login_window.luac":{"ver":5,"size":9717,"file":"login_window.luac"},"res\/spine\/chunjiesanguo\/chunjiesanguo.skel":{"ver":5,"size":45187,"file":"chunjiesanguo.skel"},"src\/util\/pathtool.luac":{"ver":5,"size":33117,"file":"pathtool.luac"},"src\/game\/mainui\/icon\/function_icon_vo.luac":{"ver":15,"size":5893,"file":"function_icon_vo.luac"},"res\/resource\/centerscene\/centercity\/1\/2.jpg":{"ver":3,"size":662853,"file":"2.jpg"},"src\/main.luac":{"ver":3,"size":3553,"file":"main.luac"},"res\/resource\/functionicon\/icon_4.png":{"ver":3,"size":37749,"file":"icon_4.png"},"src\/game\/elitesummon\/elitesummon_controller.luac":{"ver":1,"size":5749,"file":"elitesummon_controller.luac"},"src\/game\/mainui\/mainui_controller.luac":{"ver":15,"size":62961,"file":"mainui_controller.luac"},"src\/game\/mainui\/icon\/function_icon.luac":{"ver":6,"size":16133,"file":"function_icon.luac"},"src\/game\/hero\/view\/hero_reset_panel.luac":{"ver":8,"size":21781,"file":"hero_reset_panel.luac"},"src\/config\/month_fund_data.luac":{"ver":6,"size":8221,"file":"month_fund_data.luac"},"res\/resource\/functionicon\/icon_5.png":{"ver":3,"size":38941,"file":"icon_5.png"},"src\/config\/holiday_activity_order_data.luac":{"ver":29,"size":21225,"file":"holiday_activity_order_data.luac"},"res\/resource\/headBagIcon\/baghead_2119.png":{"ver":23,"size":16849,"file":"baghead_2119.png"},"src\/config\/item_data6.luac":{"ver":13,"size":85149,"file":"item_data6.luac"},"src\/game\/story\/story_controller.luac":{"ver":3,"size":2277,"file":"story_controller.luac"},"src\/config\/combat_halo_data.luac":{"ver":17,"size":18345,"file":"combat_halo_data.luac"},"src\/inspect.luac":{"ver":1,"size":10097,"file":"inspect.luac"},"res\/resource\/mainui\/mainui.plist":{"ver":3,"size":40633,"file":"mainui.plist"},"res\/resource\/headBagIcon\/baghead_2115.png":{"ver":23,"size":56621,"file":"baghead_2115.png"},"src\/config\/adventure_data.luac":{"ver":3,"size":891013,"file":"adventure_data.luac"},"src\/game\/battle_drama\/battle_drama_controller.luac":{"ver":15,"size":27685,"file":"battle_drama_controller.luac"},"res\/resource\/centerscene\/centercity\/2\/1.png":{"ver":3,"size":2565217,"file":"1.png"},"res\/resource\/bigbg\/action\/txt_cn_hero_skin_buy28.png":{"ver":39,"size":859349,"file":"txt_cn_hero_skin_buy28.png"},"src\/config\/gift_data.luac":{"ver":31,"size":196153,"file":"gift_data.luac"},"res\/spine\/chunjiesanguo\/chunjiesanguo.atlas":{"ver":5,"size":2657,"file":"chunjiesanguo.atlas"},"src\/game\/voyage\/voyage_controller.luac":{"ver":6,"size":7445,"file":"voyage_controller.luac"},"src\/config\/holiday_exchange_data.luac":{"ver":41,"size":5317,"file":"holiday_exchange_data.luac"},"res\/resource\/bigbg\/action\/txt_cn_hero_skin_buy312.png":{"ver":23,"size":211581,"file":"txt_cn_hero_skin_buy312.png"},"src\/config\/holiday_upstars_data.luac":{"ver":6,"size":3061,"file":"holiday_upstars_data.luac"},"res\/resource\/functionicon\/icon_1.png":{"ver":3,"size":38433,"file":"icon_1.png"},"src\/game\/action\/view\/action_white_day_panel.luac":{"ver":1,"size":16197,"file":"action_white_day_panel.luac"},"src\/config\/function_data.luac":{"ver":35,"size":57333,"file":"function_data.luac"},"res\/resource\/centerscene\/centercity\/1\/3.png":{"ver":3,"size":2274413,"file":"3.png"},"src\/config\/partner_skin_data.luac":{"ver":23,"size":40341,"file":"partner_skin_data.luac"},"res\/resource\/centerscene\/centercity\/1\/2.png":{"ver":3,"size":3587313,"file":"2.png"},"res\/resource\/welfare\/action_icon\/welfare_icon_330.png":{"ver":34,"size":23013,"file":"welfare_icon_330.png"},"src\/game\/friend\/view\/friend_list_item.luac":{"ver":15,"size":15701,"file":"friend_list_item.luac"},"src\/config\/holiday_valentine_boss_data.luac":{"ver":41,"size":9177,"file":"holiday_valentine_boss_data.luac"},"res\/spine\/chunjiesanguo\/chunjiesanguo.png":{"ver":5,"size":3766329,"file":"chunjiesanguo.png"},"src\/config\/exchange_data.luac":{"ver":12,"size":225193,"file":"exchange_data.luac"},"src\/game\/battle_drama\/battle_drama_model.luac":{"ver":15,"size":24981,"file":"battle_drama_model.luac"},"src\/game\/role\/view\/role_system_set_panel.luac":{"ver":6,"size":13209,"file":"role_system_set_panel.luac"},"src\/config\/charge_data.luac":{"ver":41,"size":111525,"file":"charge_data.luac"}}