{"src\/config\/month_fund_data.luac":{"size":8221,"ver":6,"file":"month_fund_data.luac"},"src\/game\/friend\/view\/friend_list_item.luac":{"size":15701,"ver":15,"file":"friend_list_item.luac"},"src\/base\/basecontroller.luac":{"size":1561,"ver":15,"file":"basecontroller.luac"},"res\/resource\/bigbg\/action\/txt_cn_hero_skin_buy313.png":{"size":921557,"ver":39,"file":"txt_cn_hero_skin_buy313.png"},"res\/resource\/headBagIcon\/baghead_2115.png":{"size":56621,"ver":23,"file":"baghead_2115.png"},"src\/config\/gift_data.luac":{"size":196153,"ver":31,"file":"gift_data.luac"},"res\/resource\/centerscene\/centercity\/2\/2.png":{"size":3573913,"ver":3,"file":"2.png"},"res\/resource\/centerscene\/centercity\/1\/1.png":{"size":2594537,"ver":3,"file":"1.png"},"src\/config\/holiday_activity_order_data.luac":{"size":21225,"ver":29,"file":"holiday_activity_order_data.luac"},"src\/game\/action\/view\/action_hero_convert_panel.luac":{"size":30597,"ver":15,"file":"action_hero_convert_panel.luac"},"res\/resource\/welfare\/action_icon\/welfare_icon_330.png":{"size":23013,"ver":34,"file":"welfare_icon_330.png"},"src\/config_init.luac":{"size":805,"ver":3,"file":"config_init.luac"},"src\/game\/action\/view\/action_white_day_panel.luac":{"size":16197,"ver":1,"file":"action_white_day_panel.luac"},"src\/config\/function_data.luac":{"size":57333,"ver":35,"file":"function_data.luac"},"res\/resource\/centerscene\/centercity\/2\/1.png":{"size":2565217,"ver":3,"file":"1.png"},"src\/game\/voyage\/voyage_controller.luac":{"size":7445,"ver":6,"file":"voyage_controller.luac"},"src\/inspect.luac":{"size":10097,"ver":1,"file":"inspect.luac"},"src\/game\/mainui\/icon\/function_icon_vo.luac":{"size":5893,"ver":15,"file":"function_icon_vo.luac"},"src\/game\/login\/view\/login_window.luac":{"size":9717,"ver":5,"file":"login_window.luac"},"res\/spine\/chunjiesanguo\/chunjiesanguo.png":{"size":3766329,"ver":5,"file":"chunjiesanguo.png"},"res\/resource\/welfare\/action_icon\/welfare_icon_343.png":{"size":6365,"ver":42,"file":"welfare_icon_343.png"},"res\/resource\/centerscene\/centercity\/2\/3.png":{"size":2471097,"ver":3,"file":"3.png"},"src\/config\/exchange_data.luac":{"size":225201,"ver":45,"file":"exchange_data.luac"},"src\/config\/partner_skin_data.luac":{"size":40341,"ver":23,"file":"partner_skin_data.luac"},"src\/config\/combat_halo_data.luac":{"size":18345,"ver":17,"file":"combat_halo_data.luac"},"src\/config\/misc_data.luac":{"size":16585,"ver":30,"file":"misc_data.luac"},"res\/resource\/functionicon\/icon_3.png":{"size":38509,"ver":3,"file":"icon_3.png"},"res\/resource\/bigbg\/action\/txt_cn_hero_skin_buy28.png":{"size":859349,"ver":39,"file":"txt_cn_hero_skin_buy28.png"},"res\/spine\/chunjiesanguo\/chunjiesanguo.atlas":{"size":2657,"ver":5,"file":"chunjiesanguo.atlas"},"src\/util\/pathtool.luac":{"size":33117,"ver":5,"file":"pathtool.luac"},"src\/game\/role\/role_controller.luac":{"size":59793,"ver":1,"file":"role_controller.luac"},"src\/game\/story\/story_controller.luac":{"size":2277,"ver":3,"file":"story_controller.luac"},"src\/game\/action\/view\/action_main_window.luac":{"size":10653,"ver":1,"file":"action_main_window.luac"},"src\/main.luac":{"size":3553,"ver":3,"file":"main.luac"},"src\/config\/holiday_exchange_data.luac":{"size":5317,"ver":46,"file":"holiday_exchange_data.luac"},"res\/resource\/centerscene\/centercity\/2\/2.jpg":{"size":662897,"ver":3,"file":"2.jpg"},"src\/game\/battle_drama\/battle_drama_controller.luac":{"size":27685,"ver":15,"file":"battle_drama_controller.luac"},"src\/config\/looks_data.luac":{"size":53893,"ver":10,"file":"looks_data.luac"},"src\/game\/battle_drama\/battle_drama_model.luac":{"size":24981,"ver":15,"file":"battle_drama_model.luac"},"res\/resource\/headBagIcon\/baghead_2117.png":{"size":15521,"ver":23,"file":"baghead_2117.png"},"res\/resource\/mainui\/mainui.plist":{"size":40633,"ver":3,"file":"mainui.plist"},"src\/game\/mainui\/view\/main_ui_view.luac":{"size":109001,"ver":11,"file":"main_ui_view.luac"},"src\/config\/item_data6.luac":{"size":85149,"ver":13,"file":"item_data6.luac"},"res\/resource\/functionicon\/icon_4.png":{"size":37749,"ver":3,"file":"icon_4.png"},"src\/game\/elitesummon\/elitesummon_controller.luac":{"size":5749,"ver":1,"file":"elitesummon_controller.luac"},"src\/game\/action\/action_controller.luac":{"size":107097,"ver":15,"file":"action_controller.luac"},"src\/game\/login\/login_controller.luac":{"size":33297,"ver":6,"file":"login_controller.luac"},"res\/resource\/centerscene\/centercity\/1\/2.jpg":{"size":662853,"ver":3,"file":"2.jpg"},"src\/config\/holiday_valentine_boss_data.luac":{"size":9177,"ver":46,"file":"holiday_valentine_boss_data.luac"},"res\/resource\/login\/login_bg03.png":{"size":1204653,"ver":5,"file":"login_bg03.png"},"src\/game\/mainui\/mainui_controller.luac":{"size":62961,"ver":15,"file":"mainui_controller.luac"},"res\/resource\/bigbg\/action\/txt_cn_hero_skin_buy312.png":{"size":211581,"ver":23,"file":"txt_cn_hero_skin_buy312.png"},"src\/game\/role\/view\/role_system_set_panel.luac":{"size":13209,"ver":6,"file":"role_system_set_panel.luac"},"res\/resource\/mainui\/mainui.png":{"size":947713,"ver":3,"file":"mainui.png"},"res\/resource\/bigbg\/action\/txt_cn_hero_skin_buy314.png":{"size":278513,"ver":43,"file":"txt_cn_hero_skin_buy314.png"},"res\/resource\/centerscene\/centercity\/1\/3.png":{"size":2274413,"ver":3,"file":"3.png"},"src\/game\/hero\/view\/hero_reset_panel.luac":{"size":21781,"ver":8,"file":"hero_reset_panel.luac"},"res\/resource\/functionicon\/icon_1.png":{"size":38433,"ver":3,"file":"icon_1.png"},"res\/resource\/functionicon\/icon_2.png":{"size":37817,"ver":3,"file":"icon_2.png"},"src\/config\/holiday_upstars_data.luac":{"size":3061,"ver":6,"file":"holiday_upstars_data.luac"},"src\/sys\/net\/gamenet.luac":{"size":13933,"ver":1,"file":"gamenet.luac"},"src\/sdk_function.luac":{"size":47125,"ver":15,"file":"sdk_function.luac"},"res\/resource\/functionicon\/icon_5.png":{"size":38941,"ver":3,"file":"icon_5.png"},"src\/config\/charge_data.luac":{"size":113341,"ver":44,"file":"charge_data.luac"},"src\/config\/recruit_holiday_lucky_data.luac":{"size":33597,"ver":46,"file":"recruit_holiday_lucky_data.luac"},"src\/config\/item_data3.luac":{"size":212729,"ver":20,"file":"item_data3.luac"},"res\/spine\/chunjiesanguo\/chunjiesanguo.skel":{"size":45187,"ver":5,"file":"chunjiesanguo.skel"},"src\/config\/adventure_data.luac":{"size":891013,"ver":3,"file":"adventure_data.luac"},"res\/resource\/headBagIcon\/baghead_2119.png":{"size":16849,"ver":23,"file":"baghead_2119.png"},"res\/resource\/centerscene\/centercity\/1\/2.png":{"size":3587313,"ver":3,"file":"2.png"},"src\/config\/partner_holy_eqm_data.luac":{"size":613441,"ver":24,"file":"partner_holy_eqm_data.luac"},"res\/resource\/welfare\/action_icon\/welfare_icon_342.png":{"size":7537,"ver":23,"file":"welfare_icon_342.png"},"src\/game\/mainui\/icon\/function_icon.luac":{"size":16133,"ver":6,"file":"function_icon.luac"}}